id,user_id,action,entity,entity_id,timestamp,created_at,updated_at
1,1,create,Player,1,"2025-05-11 10:56:52.712 +00:00","2025-05-11 10:56:52.713 +00:00","2025-05-11 10:56:52.713 +00:00"
2,1,create,Player,2,"2025-05-11 10:56:52.720 +00:00","2025-05-11 10:56:52.720 +00:00","2025-05-11 10:56:52.720 +00:00"
3,2,read,Player,,"2025-05-11 10:59:35.452 +00:00","2025-05-11 10:59:35.456 +00:00","2025-05-11 10:59:35.456 +00:00"
4,2,create,Player,153,"2025-05-11 11:00:42.029 +00:00","2025-05-11 11:00:42.030 +00:00","2025-05-11 11:00:42.030 +00:00"
5,2,update,Player,153,"2025-05-11 11:00:59.584 +00:00","2025-05-11 11:00:59.584 +00:00","2025-05-11 11:00:59.584 +00:00"
6,2,read,Player,,"2025-05-11 11:01:03.897 +00:00","2025-05-11 11:01:03.898 +00:00","2025-05-11 11:01:03.898 +00:00"
7,2,read,Player,,"2025-05-11 11:01:04.038 +00:00","2025-05-11 11:01:04.038 +00:00","2025-05-11 11:01:04.038 +00:00"
8,2,read,Player,,"2025-05-11 11:01:04.152 +00:00","2025-05-11 11:01:04.152 +00:00","2025-05-11 11:01:04.152 +00:00"
9,2,read,Player,,"2025-05-11 11:01:08.636 +00:00","2025-05-11 11:01:08.636 +00:00","2025-05-11 11:01:08.636 +00:00"
10,2,read,Player,,"2025-05-11 11:01:08.709 +00:00","2025-05-11 11:01:08.709 +00:00","2025-05-11 11:01:08.709 +00:00"
11,2,read,Player,,"2025-05-11 11:01:16.378 +00:00","2025-05-11 11:01:16.379 +00:00","2025-05-11 11:01:16.379 +00:00"
12,2,read,Player,,"2025-05-11 11:01:16.457 +00:00","2025-05-11 11:01:16.457 +00:00","2025-05-11 11:01:16.457 +00:00"
13,2,read,Player,,"2025-05-11 11:01:23.829 +00:00","2025-05-11 11:01:23.829 +00:00","2025-05-11 11:01:23.829 +00:00"
14,3,read,Player,,"2025-05-11 11:01:44.012 +00:00","2025-05-11 11:01:44.013 +00:00","2025-05-11 11:01:44.013 +00:00"
15,3,create,Player,154,"2025-05-11 11:01:56.537 +00:00","2025-05-11 11:01:56.538 +00:00","2025-05-11 11:01:56.538 +00:00"
16,3,read,Player,,"2025-05-11 11:02:00.097 +00:00","2025-05-11 11:02:00.098 +00:00","2025-05-11 11:02:00.098 +00:00"
17,3,read,Player,,"2025-05-11 11:02:00.174 +00:00","2025-05-11 11:02:00.174 +00:00","2025-05-11 11:02:00.174 +00:00"
18,3,read,Player,,"2025-05-11 11:02:07.024 +00:00","2025-05-11 11:02:07.025 +00:00","2025-05-11 11:02:07.025 +00:00"
19,3,read,Player,,"2025-05-11 11:03:02.556 +00:00","2025-05-11 11:03:02.561 +00:00","2025-05-11 11:03:02.561 +00:00"
20,3,read,Player,,"2025-05-11 11:05:01.231 +00:00","2025-05-11 11:05:01.239 +00:00","2025-05-11 11:05:01.239 +00:00"
21,3,read,Player,,"2025-05-11 11:07:31.236 +00:00","2025-05-11 11:07:31.240 +00:00","2025-05-11 11:07:31.240 +00:00"
22,3,read,Player,,"2025-05-11 11:09:05.020 +00:00","2025-05-11 11:09:05.025 +00:00","2025-05-11 11:09:05.025 +00:00"
23,3,read,Player,,"2025-05-11 11:12:21.023 +00:00","2025-05-11 11:12:21.028 +00:00","2025-05-11 11:12:21.028 +00:00"
24,3,read,Player,,"2025-05-11 11:15:34.284 +00:00","2025-05-11 11:15:34.287 +00:00","2025-05-11 11:15:34.287 +00:00"
25,3,read,Player,,"2025-05-11 11:18:55.617 +00:00","2025-05-11 11:18:55.620 +00:00","2025-05-11 11:18:55.620 +00:00"
26,3,read,Player,,"2025-05-11 11:21:27.421 +00:00","2025-05-11 11:21:27.423 +00:00","2025-05-11 11:21:27.423 +00:00"
27,3,read,Player,,"2025-05-11 11:23:10.669 +00:00","2025-05-11 11:23:10.674 +00:00","2025-05-11 11:23:10.674 +00:00"
28,3,read,Player,,"2025-05-11 11:25:00.698 +00:00","2025-05-11 11:25:00.707 +00:00","2025-05-11 11:25:00.707 +00:00"
29,3,read,Player,,"2025-05-11 11:26:07.559 +00:00","2025-05-11 11:26:07.562 +00:00","2025-05-11 11:26:07.562 +00:00"
30,3,read,Player,,"2025-05-11 11:28:15.070 +00:00","2025-05-11 11:28:15.075 +00:00","2025-05-11 11:28:15.075 +00:00"
31,3,read,Player,,"2025-05-11 11:28:18.449 +00:00","2025-05-11 11:28:18.449 +00:00","2025-05-11 11:28:18.449 +00:00"
32,3,read,Player,,"2025-05-11 11:33:07.366 +00:00","2025-05-11 11:33:07.369 +00:00","2025-05-11 11:33:07.369 +00:00"
33,3,read,Player,,"2025-05-11 11:34:41.059 +00:00","2025-05-11 11:34:41.063 +00:00","2025-05-11 11:34:41.063 +00:00"
34,3,read,Player,,"2025-05-11 11:37:08.843 +00:00","2025-05-11 11:37:08.847 +00:00","2025-05-11 11:37:08.847 +00:00"
35,3,read,Player,,"2025-05-11 11:37:22.023 +00:00","2025-05-11 11:37:22.024 +00:00","2025-05-11 11:37:22.024 +00:00"
36,2,read,Player,,"2025-05-11 11:37:32.635 +00:00","2025-05-11 11:37:32.636 +00:00","2025-05-11 11:37:32.636 +00:00"
37,2,create,Player,155,"2025-05-11 11:37:57.669 +00:00","2025-05-11 11:37:57.670 +00:00","2025-05-11 11:37:57.670 +00:00"
38,2,read,Player,,"2025-05-11 11:38:08.477 +00:00","2025-05-11 11:38:08.479 +00:00","2025-05-11 11:38:08.479 +00:00"
39,2,read,Player,,"2025-05-11 11:38:08.586 +00:00","2025-05-11 11:38:08.586 +00:00","2025-05-11 11:38:08.586 +00:00"
40,2,update,Player,155,"2025-05-11 11:38:24.337 +00:00","2025-05-11 11:38:24.338 +00:00","2025-05-11 11:38:24.338 +00:00"
41,2,read,Player,,"2025-05-11 11:38:25.155 +00:00","2025-05-11 11:38:25.155 +00:00","2025-05-11 11:38:25.155 +00:00"
42,2,read,Player,,"2025-05-11 11:38:25.245 +00:00","2025-05-11 11:38:25.245 +00:00","2025-05-11 11:38:25.245 +00:00"
43,2,read,Player,,"2025-05-11 11:38:25.315 +00:00","2025-05-11 11:38:25.315 +00:00","2025-05-11 11:38:25.315 +00:00"
44,2,read,Player,,"2025-05-11 11:38:28.722 +00:00","2025-05-11 11:38:28.722 +00:00","2025-05-11 11:38:28.722 +00:00"
45,2,read,Player,,"2025-05-11 11:38:28.803 +00:00","2025-05-11 11:38:28.803 +00:00","2025-05-11 11:38:28.803 +00:00"
46,2,read,Player,,"2025-05-11 19:51:33.457 +00:00","2025-05-11 19:51:33.460 +00:00","2025-05-11 19:51:33.460 +00:00"
47,2,read,Player,,"2025-05-11 19:51:33.649 +00:00","2025-05-11 19:51:33.650 +00:00","2025-05-11 19:51:33.650 +00:00"
48,2,read,Player,,"2025-05-11 19:51:41.953 +00:00","2025-05-11 19:51:41.953 +00:00","2025-05-11 19:51:41.953 +00:00"
49,2,read,Player,,"2025-05-11 19:51:42.003 +00:00","2025-05-11 19:51:42.003 +00:00","2025-05-11 19:51:42.003 +00:00"
50,2,read,Player,,"2025-05-12 09:07:39.478 +00:00","2025-05-12 09:07:39.482 +00:00","2025-05-12 09:07:39.482 +00:00"
51,4,read,Player,,"2025-05-12 09:08:14.542 +00:00","2025-05-12 09:08:14.545 +00:00","2025-05-12 09:08:14.545 +00:00"
52,4,create,Player,156,"2025-05-12 09:08:19.199 +00:00","2025-05-12 09:08:19.199 +00:00","2025-05-12 09:08:19.199 +00:00"
53,4,update,Player,156,"2025-05-12 09:08:37.635 +00:00","2025-05-12 09:08:37.636 +00:00","2025-05-12 09:08:37.636 +00:00"
54,4,read,Player,,"2025-05-12 09:08:41.970 +00:00","2025-05-12 09:08:41.971 +00:00","2025-05-12 09:08:41.971 +00:00"
55,4,read,Player,,"2025-05-12 09:08:42.054 +00:00","2025-05-12 09:08:42.054 +00:00","2025-05-12 09:08:42.054 +00:00"
56,4,read,Player,,"2025-05-12 09:08:42.136 +00:00","2025-05-12 09:08:42.136 +00:00","2025-05-12 09:08:42.136 +00:00"
57,4,read,Player,,"2025-05-12 09:20:44.568 +00:00","2025-05-12 09:20:44.569 +00:00","2025-05-12 09:20:44.569 +00:00"
58,3,read,Player,,"2025-05-12 09:21:20.079 +00:00","2025-05-12 09:21:20.081 +00:00","2025-05-12 09:21:20.081 +00:00"
59,3,create,Player,157,"2025-05-12 09:23:23.292 +00:00","2025-05-12 09:23:23.292 +00:00","2025-05-12 09:23:23.292 +00:00"
60,3,update,Player,157,"2025-05-12 09:23:34.430 +00:00","2025-05-12 09:23:34.431 +00:00","2025-05-12 09:23:34.431 +00:00"
61,3,read,Player,,"2025-05-12 09:23:35.272 +00:00","2025-05-12 09:23:35.272 +00:00","2025-05-12 09:23:35.272 +00:00"
62,3,read,Player,,"2025-05-12 09:23:35.419 +00:00","2025-05-12 09:23:35.420 +00:00","2025-05-12 09:23:35.420 +00:00"
63,3,read,Player,,"2025-05-12 09:23:35.524 +00:00","2025-05-12 09:23:35.525 +00:00","2025-05-12 09:23:35.525 +00:00"
64,3,read,Player,,"2025-05-12 09:23:39.209 +00:00","2025-05-12 09:23:39.209 +00:00","2025-05-12 09:23:39.209 +00:00"
65,3,read,Player,,"2025-05-12 09:23:39.327 +00:00","2025-05-12 09:23:39.327 +00:00","2025-05-12 09:23:39.327 +00:00"
66,3,read,Player,,"2025-05-12 09:23:41.669 +00:00","2025-05-12 09:23:41.670 +00:00","2025-05-12 09:23:41.670 +00:00"
67,3,read,Player,,"2025-05-12 09:23:41.740 +00:00","2025-05-12 09:23:41.740 +00:00","2025-05-12 09:23:41.740 +00:00"
68,3,read,Player,,"2025-05-12 09:23:50.694 +00:00","2025-05-12 09:23:50.694 +00:00","2025-05-12 09:23:50.694 +00:00"
69,5,read,Player,,"2025-05-12 09:28:14.515 +00:00","2025-05-12 09:28:14.516 +00:00","2025-05-12 09:28:14.516 +00:00"
70,5,create,Player,158,"2025-05-12 09:28:21.319 +00:00","2025-05-12 09:28:21.319 +00:00","2025-05-12 09:28:21.319 +00:00"
71,5,read,Player,,"2025-05-12 09:28:27.931 +00:00","2025-05-12 09:28:27.931 +00:00","2025-05-12 09:28:27.931 +00:00"
72,5,read,Player,,"2025-05-12 09:28:28.026 +00:00","2025-05-12 09:28:28.026 +00:00","2025-05-12 09:28:28.026 +00:00"
73,5,read,Player,,"2025-05-12 09:40:05.316 +00:00","2025-05-12 09:40:05.320 +00:00","2025-05-12 09:40:05.320 +00:00"
74,3,read,Player,,"2025-05-12 09:40:18.372 +00:00","2025-05-12 09:40:18.373 +00:00","2025-05-12 09:40:18.373 +00:00"
75,3,read,Player,,"2025-05-12 09:51:15.863 +00:00","2025-05-12 09:51:15.870 +00:00","2025-05-12 09:51:15.870 +00:00"
76,3,read,Player,,"2025-05-12 10:08:07.037 +00:00","2025-05-12 10:08:07.042 +00:00","2025-05-12 10:08:07.042 +00:00"
77,3,read,Player,,"2025-05-12 10:09:24.029 +00:00","2025-05-12 10:09:24.036 +00:00","2025-05-12 10:09:24.036 +00:00"
78,6,CREATE,Player,159,"2025-05-12 10:09:41.830 +00:00","2025-05-12 10:09:41.830 +00:00","2025-05-12 10:09:41.830 +00:00"
79,6,CREATE,Player,160,"2025-05-12 10:09:41.884 +00:00","2025-05-12 10:09:41.884 +00:00","2025-05-12 10:09:41.884 +00:00"
80,6,CREATE,Player,161,"2025-05-12 10:09:41.927 +00:00","2025-05-12 10:09:41.927 +00:00","2025-05-12 10:09:41.927 +00:00"
81,6,CREATE,Player,162,"2025-05-12 10:09:41.976 +00:00","2025-05-12 10:09:41.976 +00:00","2025-05-12 10:09:41.976 +00:00"
82,6,CREATE,Player,163,"2025-05-12 10:09:42.022 +00:00","2025-05-12 10:09:42.023 +00:00","2025-05-12 10:09:42.023 +00:00"
83,6,CREATE,Player,164,"2025-05-12 10:09:42.074 +00:00","2025-05-12 10:09:42.074 +00:00","2025-05-12 10:09:42.074 +00:00"
84,6,CREATE,Player,165,"2025-05-12 10:09:42.115 +00:00","2025-05-12 10:09:42.116 +00:00","2025-05-12 10:09:42.116 +00:00"
85,6,CREATE,Player,166,"2025-05-12 10:09:42.168 +00:00","2025-05-12 10:09:42.168 +00:00","2025-05-12 10:09:42.168 +00:00"
86,6,CREATE,Player,167,"2025-05-12 10:09:42.217 +00:00","2025-05-12 10:09:42.218 +00:00","2025-05-12 10:09:42.218 +00:00"
87,6,CREATE,Player,168,"2025-05-12 10:09:42.254 +00:00","2025-05-12 10:09:42.255 +00:00","2025-05-12 10:09:42.255 +00:00"
88,6,CREATE,Player,169,"2025-05-12 10:09:42.295 +00:00","2025-05-12 10:09:42.296 +00:00","2025-05-12 10:09:42.296 +00:00"
89,6,CREATE,Player,170,"2025-05-12 10:09:42.337 +00:00","2025-05-12 10:09:42.337 +00:00","2025-05-12 10:09:42.337 +00:00"
90,6,CREATE,Player,171,"2025-05-12 10:09:42.384 +00:00","2025-05-12 10:09:42.384 +00:00","2025-05-12 10:09:42.384 +00:00"
91,6,CREATE,Player,172,"2025-05-12 10:09:42.431 +00:00","2025-05-12 10:09:42.431 +00:00","2025-05-12 10:09:42.431 +00:00"
92,6,CREATE,Player,173,"2025-05-12 10:09:42.488 +00:00","2025-05-12 10:09:42.488 +00:00","2025-05-12 10:09:42.488 +00:00"
93,6,CREATE,Player,174,"2025-05-12 10:09:42.535 +00:00","2025-05-12 10:09:42.535 +00:00","2025-05-12 10:09:42.535 +00:00"
94,6,CREATE,Player,175,"2025-05-12 10:09:42.585 +00:00","2025-05-12 10:09:42.585 +00:00","2025-05-12 10:09:42.585 +00:00"
95,6,CREATE,Player,176,"2025-05-12 10:09:42.629 +00:00","2025-05-12 10:09:42.629 +00:00","2025-05-12 10:09:42.629 +00:00"
96,6,CREATE,Player,177,"2025-05-12 10:09:42.678 +00:00","2025-05-12 10:09:42.678 +00:00","2025-05-12 10:09:42.678 +00:00"
97,6,CREATE,Player,178,"2025-05-12 10:09:42.731 +00:00","2025-05-12 10:09:42.732 +00:00","2025-05-12 10:09:42.732 +00:00"
98,6,CREATE,Player,179,"2025-05-12 10:09:42.774 +00:00","2025-05-12 10:09:42.774 +00:00","2025-05-12 10:09:42.774 +00:00"
99,6,CREATE,Player,180,"2025-05-12 10:09:42.812 +00:00","2025-05-12 10:09:42.812 +00:00","2025-05-12 10:09:42.812 +00:00"
100,6,CREATE,Player,181,"2025-05-12 10:09:42.851 +00:00","2025-05-12 10:09:42.851 +00:00","2025-05-12 10:09:42.851 +00:00"
101,6,CREATE,Player,182,"2025-05-12 10:09:42.891 +00:00","2025-05-12 10:09:42.891 +00:00","2025-05-12 10:09:42.891 +00:00"
102,6,CREATE,Player,183,"2025-05-12 10:09:42.943 +00:00","2025-05-12 10:09:42.943 +00:00","2025-05-12 10:09:42.943 +00:00"
103,6,CREATE,Player,184,"2025-05-12 10:09:42.989 +00:00","2025-05-12 10:09:42.989 +00:00","2025-05-12 10:09:42.989 +00:00"
104,6,CREATE,Player,185,"2025-05-12 10:09:43.030 +00:00","2025-05-12 10:09:43.030 +00:00","2025-05-12 10:09:43.030 +00:00"
105,6,CREATE,Player,186,"2025-05-12 10:09:43.063 +00:00","2025-05-12 10:09:43.063 +00:00","2025-05-12 10:09:43.063 +00:00"
106,6,CREATE,Player,187,"2025-05-12 10:09:43.087 +00:00","2025-05-12 10:09:43.087 +00:00","2025-05-12 10:09:43.087 +00:00"
107,6,CREATE,Player,188,"2025-05-12 10:09:43.115 +00:00","2025-05-12 10:09:43.115 +00:00","2025-05-12 10:09:43.115 +00:00"
108,6,CREATE,Player,189,"2025-05-12 10:09:43.147 +00:00","2025-05-12 10:09:43.147 +00:00","2025-05-12 10:09:43.147 +00:00"
109,6,CREATE,Player,190,"2025-05-12 10:09:43.182 +00:00","2025-05-12 10:09:43.182 +00:00","2025-05-12 10:09:43.182 +00:00"
110,6,CREATE,Player,191,"2025-05-12 10:09:43.215 +00:00","2025-05-12 10:09:43.215 +00:00","2025-05-12 10:09:43.215 +00:00"
111,6,CREATE,Player,192,"2025-05-12 10:09:43.250 +00:00","2025-05-12 10:09:43.250 +00:00","2025-05-12 10:09:43.250 +00:00"
112,6,CREATE,Player,193,"2025-05-12 10:09:43.282 +00:00","2025-05-12 10:09:43.282 +00:00","2025-05-12 10:09:43.282 +00:00"
113,6,CREATE,Player,194,"2025-05-12 10:09:43.312 +00:00","2025-05-12 10:09:43.312 +00:00","2025-05-12 10:09:43.312 +00:00"
114,6,CREATE,Player,195,"2025-05-12 10:09:43.341 +00:00","2025-05-12 10:09:43.341 +00:00","2025-05-12 10:09:43.341 +00:00"
115,6,CREATE,Player,196,"2025-05-12 10:09:43.379 +00:00","2025-05-12 10:09:43.379 +00:00","2025-05-12 10:09:43.379 +00:00"
116,6,CREATE,Player,197,"2025-05-12 10:09:43.414 +00:00","2025-05-12 10:09:43.414 +00:00","2025-05-12 10:09:43.414 +00:00"
117,6,CREATE,Player,198,"2025-05-12 10:09:43.447 +00:00","2025-05-12 10:09:43.447 +00:00","2025-05-12 10:09:43.447 +00:00"
118,6,CREATE,Player,199,"2025-05-12 10:09:43.479 +00:00","2025-05-12 10:09:43.479 +00:00","2025-05-12 10:09:43.479 +00:00"
119,6,CREATE,Player,200,"2025-05-12 10:09:43.515 +00:00","2025-05-12 10:09:43.515 +00:00","2025-05-12 10:09:43.515 +00:00"
120,6,CREATE,Player,201,"2025-05-12 10:09:43.546 +00:00","2025-05-12 10:09:43.546 +00:00","2025-05-12 10:09:43.546 +00:00"
121,6,CREATE,Player,202,"2025-05-12 10:09:43.584 +00:00","2025-05-12 10:09:43.585 +00:00","2025-05-12 10:09:43.585 +00:00"
122,6,CREATE,Player,203,"2025-05-12 10:09:43.627 +00:00","2025-05-12 10:09:43.627 +00:00","2025-05-12 10:09:43.627 +00:00"
123,6,CREATE,Player,204,"2025-05-12 10:09:43.688 +00:00","2025-05-12 10:09:43.688 +00:00","2025-05-12 10:09:43.688 +00:00"
124,6,CREATE,Player,205,"2025-05-12 10:09:43.727 +00:00","2025-05-12 10:09:43.727 +00:00","2025-05-12 10:09:43.727 +00:00"
125,6,CREATE,Player,206,"2025-05-12 10:09:43.770 +00:00","2025-05-12 10:09:43.770 +00:00","2025-05-12 10:09:43.770 +00:00"
126,6,CREATE,Player,207,"2025-05-12 10:09:43.817 +00:00","2025-05-12 10:09:43.818 +00:00","2025-05-12 10:09:43.818 +00:00"
127,6,CREATE,Player,208,"2025-05-12 10:09:43.865 +00:00","2025-05-12 10:09:43.866 +00:00","2025-05-12 10:09:43.866 +00:00"
128,6,CREATE,Player,209,"2025-05-12 10:09:43.904 +00:00","2025-05-12 10:09:43.904 +00:00","2025-05-12 10:09:43.904 +00:00"
129,6,CREATE,Player,210,"2025-05-12 10:09:43.948 +00:00","2025-05-12 10:09:43.948 +00:00","2025-05-12 10:09:43.948 +00:00"
130,6,CREATE,Player,211,"2025-05-12 10:09:43.984 +00:00","2025-05-12 10:09:43.984 +00:00","2025-05-12 10:09:43.984 +00:00"
131,6,CREATE,Player,212,"2025-05-12 10:09:44.020 +00:00","2025-05-12 10:09:44.020 +00:00","2025-05-12 10:09:44.020 +00:00"
132,6,CREATE,Player,213,"2025-05-12 10:09:44.057 +00:00","2025-05-12 10:09:44.057 +00:00","2025-05-12 10:09:44.057 +00:00"
133,6,CREATE,Player,214,"2025-05-12 10:09:44.102 +00:00","2025-05-12 10:09:44.102 +00:00","2025-05-12 10:09:44.102 +00:00"
134,6,CREATE,Player,215,"2025-05-12 10:09:44.140 +00:00","2025-05-12 10:09:44.140 +00:00","2025-05-12 10:09:44.140 +00:00"
135,6,CREATE,Player,216,"2025-05-12 10:09:44.179 +00:00","2025-05-12 10:09:44.180 +00:00","2025-05-12 10:09:44.180 +00:00"
136,6,CREATE,Player,217,"2025-05-12 10:09:44.249 +00:00","2025-05-12 10:09:44.250 +00:00","2025-05-12 10:09:44.250 +00:00"
137,6,CREATE,Player,218,"2025-05-12 10:09:44.292 +00:00","2025-05-12 10:09:44.292 +00:00","2025-05-12 10:09:44.292 +00:00"
138,6,CREATE,Player,219,"2025-05-12 10:09:44.339 +00:00","2025-05-12 10:09:44.339 +00:00","2025-05-12 10:09:44.339 +00:00"
139,6,CREATE,Player,220,"2025-05-12 10:09:44.380 +00:00","2025-05-12 10:09:44.381 +00:00","2025-05-12 10:09:44.381 +00:00"
140,6,CREATE,Player,221,"2025-05-12 10:09:44.413 +00:00","2025-05-12 10:09:44.416 +00:00","2025-05-12 10:09:44.416 +00:00"
141,6,CREATE,Player,222,"2025-05-12 10:09:44.459 +00:00","2025-05-12 10:09:44.459 +00:00","2025-05-12 10:09:44.459 +00:00"
142,6,CREATE,Player,223,"2025-05-12 10:09:44.508 +00:00","2025-05-12 10:09:44.508 +00:00","2025-05-12 10:09:44.508 +00:00"
143,6,CREATE,Player,224,"2025-05-12 10:09:44.553 +00:00","2025-05-12 10:09:44.553 +00:00","2025-05-12 10:09:44.553 +00:00"
144,6,CREATE,Player,225,"2025-05-12 10:09:44.602 +00:00","2025-05-12 10:09:44.602 +00:00","2025-05-12 10:09:44.602 +00:00"
145,6,CREATE,Player,226,"2025-05-12 10:09:44.635 +00:00","2025-05-12 10:09:44.636 +00:00","2025-05-12 10:09:44.636 +00:00"
146,6,CREATE,Player,227,"2025-05-12 10:09:44.672 +00:00","2025-05-12 10:09:44.673 +00:00","2025-05-12 10:09:44.673 +00:00"
147,6,CREATE,Player,228,"2025-05-12 10:09:44.712 +00:00","2025-05-12 10:09:44.713 +00:00","2025-05-12 10:09:44.713 +00:00"
148,6,CREATE,Player,229,"2025-05-12 10:09:44.745 +00:00","2025-05-12 10:09:44.745 +00:00","2025-05-12 10:09:44.745 +00:00"
149,6,CREATE,Player,230,"2025-05-12 10:09:44.794 +00:00","2025-05-12 10:09:44.795 +00:00","2025-05-12 10:09:44.795 +00:00"
150,6,CREATE,Player,231,"2025-05-12 10:09:44.829 +00:00","2025-05-12 10:09:44.829 +00:00","2025-05-12 10:09:44.829 +00:00"
151,6,CREATE,Player,232,"2025-05-12 10:09:44.876 +00:00","2025-05-12 10:09:44.876 +00:00","2025-05-12 10:09:44.876 +00:00"
152,6,CREATE,Player,233,"2025-05-12 10:09:44.920 +00:00","2025-05-12 10:09:44.920 +00:00","2025-05-12 10:09:44.920 +00:00"
153,6,CREATE,Player,234,"2025-05-12 10:09:44.968 +00:00","2025-05-12 10:09:44.969 +00:00","2025-05-12 10:09:44.969 +00:00"
154,6,CREATE,Player,235,"2025-05-12 10:09:45.004 +00:00","2025-05-12 10:09:45.004 +00:00","2025-05-12 10:09:45.004 +00:00"
155,6,CREATE,Player,236,"2025-05-12 10:09:45.058 +00:00","2025-05-12 10:09:45.058 +00:00","2025-05-12 10:09:45.058 +00:00"
156,6,CREATE,Player,237,"2025-05-12 10:09:45.124 +00:00","2025-05-12 10:09:45.124 +00:00","2025-05-12 10:09:45.124 +00:00"
157,6,CREATE,Player,238,"2025-05-12 10:09:45.160 +00:00","2025-05-12 10:09:45.160 +00:00","2025-05-12 10:09:45.160 +00:00"
158,6,CREATE,Player,239,"2025-05-12 10:09:45.203 +00:00","2025-05-12 10:09:45.203 +00:00","2025-05-12 10:09:45.203 +00:00"
159,6,CREATE,Player,240,"2025-05-12 10:09:45.238 +00:00","2025-05-12 10:09:45.238 +00:00","2025-05-12 10:09:45.238 +00:00"
160,6,CREATE,Player,241,"2025-05-12 10:09:45.282 +00:00","2025-05-12 10:09:45.282 +00:00","2025-05-12 10:09:45.282 +00:00"
161,6,CREATE,Player,242,"2025-05-12 10:09:45.327 +00:00","2025-05-12 10:09:45.328 +00:00","2025-05-12 10:09:45.328 +00:00"
162,6,CREATE,Player,243,"2025-05-12 10:09:45.368 +00:00","2025-05-12 10:09:45.368 +00:00","2025-05-12 10:09:45.368 +00:00"
163,6,CREATE,Player,244,"2025-05-12 10:09:45.410 +00:00","2025-05-12 10:09:45.410 +00:00","2025-05-12 10:09:45.410 +00:00"
164,6,CREATE,Player,245,"2025-05-12 10:09:45.455 +00:00","2025-05-12 10:09:45.456 +00:00","2025-05-12 10:09:45.456 +00:00"
165,6,CREATE,Player,246,"2025-05-12 10:09:45.497 +00:00","2025-05-12 10:09:45.497 +00:00","2025-05-12 10:09:45.497 +00:00"
166,6,CREATE,Player,247,"2025-05-12 10:09:45.550 +00:00","2025-05-12 10:09:45.551 +00:00","2025-05-12 10:09:45.551 +00:00"
167,6,CREATE,Player,248,"2025-05-12 10:09:45.598 +00:00","2025-05-12 10:09:45.598 +00:00","2025-05-12 10:09:45.598 +00:00"
168,6,CREATE,Player,249,"2025-05-12 10:09:45.643 +00:00","2025-05-12 10:09:45.644 +00:00","2025-05-12 10:09:45.644 +00:00"
169,6,CREATE,Player,250,"2025-05-12 10:09:45.677 +00:00","2025-05-12 10:09:45.677 +00:00","2025-05-12 10:09:45.677 +00:00"
170,6,CREATE,Player,251,"2025-05-12 10:09:45.727 +00:00","2025-05-12 10:09:45.727 +00:00","2025-05-12 10:09:45.727 +00:00"
171,6,CREATE,Player,252,"2025-05-12 10:09:45.775 +00:00","2025-05-12 10:09:45.775 +00:00","2025-05-12 10:09:45.775 +00:00"
172,6,CREATE,Player,253,"2025-05-12 10:09:45.813 +00:00","2025-05-12 10:09:45.813 +00:00","2025-05-12 10:09:45.813 +00:00"
173,6,CREATE,Player,254,"2025-05-12 10:09:45.858 +00:00","2025-05-12 10:09:45.858 +00:00","2025-05-12 10:09:45.858 +00:00"
174,6,CREATE,Player,255,"2025-05-12 10:09:45.892 +00:00","2025-05-12 10:09:45.892 +00:00","2025-05-12 10:09:45.892 +00:00"
175,6,CREATE,Player,256,"2025-05-12 10:09:45.942 +00:00","2025-05-12 10:09:45.943 +00:00","2025-05-12 10:09:45.943 +00:00"
176,6,CREATE,Player,257,"2025-05-12 10:09:45.989 +00:00","2025-05-12 10:09:45.989 +00:00","2025-05-12 10:09:45.989 +00:00"
177,6,CREATE,Player,258,"2025-05-12 10:09:46.027 +00:00","2025-05-12 10:09:46.027 +00:00","2025-05-12 10:09:46.027 +00:00"
178,3,read,Player,,"2025-05-13 07:35:06.870 +00:00","2025-05-13 07:35:06.877 +00:00","2025-05-13 07:35:06.877 +00:00"
179,3,create,Player,259,"2025-05-13 07:35:28.340 +00:00","2025-05-13 07:35:28.341 +00:00","2025-05-13 07:35:28.341 +00:00"
180,3,read,Player,,"2025-05-13 07:35:39.722 +00:00","2025-05-13 07:35:39.722 +00:00","2025-05-13 07:35:39.722 +00:00"
181,3,read,Player,,"2025-05-13 07:35:39.824 +00:00","2025-05-13 07:35:39.824 +00:00","2025-05-13 07:35:39.824 +00:00"
182,3,read,Player,,"2025-05-13 07:35:44.823 +00:00","2025-05-13 07:35:44.824 +00:00","2025-05-13 07:35:44.824 +00:00"
183,3,read,Player,,"2025-05-13 07:35:44.904 +00:00","2025-05-13 07:35:44.905 +00:00","2025-05-13 07:35:44.905 +00:00"
184,7,CREATE,Player,260,"2025-05-13 07:35:55.567 +00:00","2025-05-13 07:35:55.567 +00:00","2025-05-13 07:35:55.567 +00:00"
185,7,CREATE,Player,261,"2025-05-13 07:35:55.627 +00:00","2025-05-13 07:35:55.628 +00:00","2025-05-13 07:35:55.628 +00:00"
186,7,CREATE,Player,262,"2025-05-13 07:35:55.682 +00:00","2025-05-13 07:35:55.682 +00:00","2025-05-13 07:35:55.682 +00:00"
187,7,CREATE,Player,263,"2025-05-13 07:35:55.742 +00:00","2025-05-13 07:35:55.742 +00:00","2025-05-13 07:35:55.742 +00:00"
188,7,CREATE,Player,264,"2025-05-13 07:35:55.792 +00:00","2025-05-13 07:35:55.792 +00:00","2025-05-13 07:35:55.792 +00:00"
189,7,CREATE,Player,265,"2025-05-13 07:35:55.833 +00:00","2025-05-13 07:35:55.833 +00:00","2025-05-13 07:35:55.833 +00:00"
190,7,CREATE,Player,266,"2025-05-13 07:35:55.896 +00:00","2025-05-13 07:35:55.897 +00:00","2025-05-13 07:35:55.897 +00:00"
191,7,CREATE,Player,267,"2025-05-13 07:35:55.942 +00:00","2025-05-13 07:35:55.942 +00:00","2025-05-13 07:35:55.942 +00:00"
192,7,CREATE,Player,268,"2025-05-13 07:35:55.991 +00:00","2025-05-13 07:35:55.992 +00:00","2025-05-13 07:35:55.992 +00:00"
193,7,CREATE,Player,269,"2025-05-13 07:35:56.044 +00:00","2025-05-13 07:35:56.045 +00:00","2025-05-13 07:35:56.045 +00:00"
194,7,CREATE,Player,270,"2025-05-13 07:35:56.090 +00:00","2025-05-13 07:35:56.090 +00:00","2025-05-13 07:35:56.090 +00:00"
195,7,CREATE,Player,271,"2025-05-13 07:35:56.140 +00:00","2025-05-13 07:35:56.140 +00:00","2025-05-13 07:35:56.140 +00:00"
196,7,CREATE,Player,272,"2025-05-13 07:35:56.175 +00:00","2025-05-13 07:35:56.176 +00:00","2025-05-13 07:35:56.176 +00:00"
197,7,CREATE,Player,273,"2025-05-13 07:35:56.218 +00:00","2025-05-13 07:35:56.219 +00:00","2025-05-13 07:35:56.219 +00:00"
198,7,CREATE,Player,274,"2025-05-13 07:35:56.260 +00:00","2025-05-13 07:35:56.260 +00:00","2025-05-13 07:35:56.260 +00:00"
199,7,CREATE,Player,275,"2025-05-13 07:35:56.303 +00:00","2025-05-13 07:35:56.303 +00:00","2025-05-13 07:35:56.303 +00:00"
200,7,CREATE,Player,276,"2025-05-13 07:35:56.345 +00:00","2025-05-13 07:35:56.345 +00:00","2025-05-13 07:35:56.345 +00:00"
201,7,CREATE,Player,277,"2025-05-13 07:35:56.392 +00:00","2025-05-13 07:35:56.392 +00:00","2025-05-13 07:35:56.392 +00:00"
202,7,CREATE,Player,278,"2025-05-13 07:35:56.432 +00:00","2025-05-13 07:35:56.432 +00:00","2025-05-13 07:35:56.432 +00:00"
203,7,CREATE,Player,279,"2025-05-13 07:35:56.476 +00:00","2025-05-13 07:35:56.476 +00:00","2025-05-13 07:35:56.476 +00:00"
204,7,CREATE,Player,280,"2025-05-13 07:35:56.517 +00:00","2025-05-13 07:35:56.517 +00:00","2025-05-13 07:35:56.517 +00:00"
205,7,CREATE,Player,281,"2025-05-13 07:35:56.561 +00:00","2025-05-13 07:35:56.561 +00:00","2025-05-13 07:35:56.561 +00:00"
206,7,CREATE,Player,282,"2025-05-13 07:35:56.605 +00:00","2025-05-13 07:35:56.605 +00:00","2025-05-13 07:35:56.605 +00:00"
207,7,CREATE,Player,283,"2025-05-13 07:35:56.651 +00:00","2025-05-13 07:35:56.651 +00:00","2025-05-13 07:35:56.651 +00:00"
208,7,CREATE,Player,284,"2025-05-13 07:35:56.686 +00:00","2025-05-13 07:35:56.686 +00:00","2025-05-13 07:35:56.686 +00:00"
209,7,CREATE,Player,285,"2025-05-13 07:35:56.735 +00:00","2025-05-13 07:35:56.735 +00:00","2025-05-13 07:35:56.735 +00:00"
210,7,CREATE,Player,286,"2025-05-13 07:35:56.778 +00:00","2025-05-13 07:35:56.778 +00:00","2025-05-13 07:35:56.778 +00:00"
211,7,CREATE,Player,287,"2025-05-13 07:35:56.820 +00:00","2025-05-13 07:35:56.820 +00:00","2025-05-13 07:35:56.820 +00:00"
212,7,CREATE,Player,288,"2025-05-13 07:35:56.863 +00:00","2025-05-13 07:35:56.863 +00:00","2025-05-13 07:35:56.863 +00:00"
213,7,CREATE,Player,289,"2025-05-13 07:35:56.906 +00:00","2025-05-13 07:35:56.906 +00:00","2025-05-13 07:35:56.906 +00:00"
214,7,CREATE,Player,290,"2025-05-13 07:35:56.949 +00:00","2025-05-13 07:35:56.949 +00:00","2025-05-13 07:35:56.949 +00:00"
215,7,CREATE,Player,291,"2025-05-13 07:35:56.992 +00:00","2025-05-13 07:35:56.992 +00:00","2025-05-13 07:35:56.992 +00:00"
216,7,CREATE,Player,292,"2025-05-13 07:35:57.037 +00:00","2025-05-13 07:35:57.037 +00:00","2025-05-13 07:35:57.037 +00:00"
217,7,CREATE,Player,293,"2025-05-13 07:35:57.075 +00:00","2025-05-13 07:35:57.075 +00:00","2025-05-13 07:35:57.075 +00:00"
218,7,CREATE,Player,294,"2025-05-13 07:35:57.120 +00:00","2025-05-13 07:35:57.121 +00:00","2025-05-13 07:35:57.121 +00:00"
219,7,CREATE,Player,295,"2025-05-13 07:35:57.166 +00:00","2025-05-13 07:35:57.166 +00:00","2025-05-13 07:35:57.166 +00:00"
220,7,CREATE,Player,296,"2025-05-13 07:35:57.205 +00:00","2025-05-13 07:35:57.205 +00:00","2025-05-13 07:35:57.205 +00:00"
221,7,CREATE,Player,297,"2025-05-13 07:35:57.250 +00:00","2025-05-13 07:35:57.250 +00:00","2025-05-13 07:35:57.250 +00:00"
222,7,CREATE,Player,298,"2025-05-13 07:35:57.295 +00:00","2025-05-13 07:35:57.295 +00:00","2025-05-13 07:35:57.295 +00:00"
223,7,CREATE,Player,299,"2025-05-13 07:35:57.333 +00:00","2025-05-13 07:35:57.333 +00:00","2025-05-13 07:35:57.333 +00:00"
224,7,CREATE,Player,300,"2025-05-13 07:35:57.381 +00:00","2025-05-13 07:35:57.381 +00:00","2025-05-13 07:35:57.381 +00:00"
225,7,CREATE,Player,301,"2025-05-13 07:35:57.421 +00:00","2025-05-13 07:35:57.421 +00:00","2025-05-13 07:35:57.421 +00:00"
226,7,CREATE,Player,302,"2025-05-13 07:35:57.460 +00:00","2025-05-13 07:35:57.461 +00:00","2025-05-13 07:35:57.461 +00:00"
227,7,CREATE,Player,303,"2025-05-13 07:35:57.500 +00:00","2025-05-13 07:35:57.500 +00:00","2025-05-13 07:35:57.500 +00:00"
228,7,CREATE,Player,304,"2025-05-13 07:35:57.546 +00:00","2025-05-13 07:35:57.546 +00:00","2025-05-13 07:35:57.546 +00:00"
229,7,CREATE,Player,305,"2025-05-13 07:35:57.588 +00:00","2025-05-13 07:35:57.588 +00:00","2025-05-13 07:35:57.588 +00:00"
230,7,CREATE,Player,306,"2025-05-13 07:35:57.642 +00:00","2025-05-13 07:35:57.643 +00:00","2025-05-13 07:35:57.643 +00:00"
231,7,CREATE,Player,307,"2025-05-13 07:35:57.705 +00:00","2025-05-13 07:35:57.705 +00:00","2025-05-13 07:35:57.705 +00:00"
232,7,CREATE,Player,308,"2025-05-13 07:35:57.755 +00:00","2025-05-13 07:35:57.755 +00:00","2025-05-13 07:35:57.755 +00:00"
233,7,CREATE,Player,309,"2025-05-13 07:35:57.801 +00:00","2025-05-13 07:35:57.801 +00:00","2025-05-13 07:35:57.801 +00:00"
234,7,CREATE,Player,310,"2025-05-13 07:35:57.847 +00:00","2025-05-13 07:35:57.847 +00:00","2025-05-13 07:35:57.847 +00:00"
235,7,CREATE,Player,311,"2025-05-13 07:35:57.895 +00:00","2025-05-13 07:35:57.895 +00:00","2025-05-13 07:35:57.895 +00:00"
236,7,CREATE,Player,312,"2025-05-13 07:35:57.936 +00:00","2025-05-13 07:35:57.936 +00:00","2025-05-13 07:35:57.936 +00:00"
237,7,CREATE,Player,313,"2025-05-13 07:35:57.976 +00:00","2025-05-13 07:35:57.976 +00:00","2025-05-13 07:35:57.976 +00:00"
238,7,CREATE,Player,314,"2025-05-13 07:35:58.017 +00:00","2025-05-13 07:35:58.017 +00:00","2025-05-13 07:35:58.017 +00:00"
239,7,CREATE,Player,315,"2025-05-13 07:35:58.063 +00:00","2025-05-13 07:35:58.063 +00:00","2025-05-13 07:35:58.063 +00:00"
240,7,CREATE,Player,316,"2025-05-13 07:35:58.103 +00:00","2025-05-13 07:35:58.103 +00:00","2025-05-13 07:35:58.103 +00:00"
241,7,CREATE,Player,317,"2025-05-13 07:35:58.146 +00:00","2025-05-13 07:35:58.146 +00:00","2025-05-13 07:35:58.146 +00:00"
242,7,CREATE,Player,318,"2025-05-13 07:35:58.195 +00:00","2025-05-13 07:35:58.195 +00:00","2025-05-13 07:35:58.195 +00:00"
243,7,CREATE,Player,319,"2025-05-13 07:35:58.249 +00:00","2025-05-13 07:35:58.249 +00:00","2025-05-13 07:35:58.249 +00:00"
244,7,CREATE,Player,320,"2025-05-13 07:35:58.296 +00:00","2025-05-13 07:35:58.296 +00:00","2025-05-13 07:35:58.296 +00:00"
245,7,CREATE,Player,321,"2025-05-13 07:35:58.349 +00:00","2025-05-13 07:35:58.349 +00:00","2025-05-13 07:35:58.349 +00:00"
246,7,CREATE,Player,322,"2025-05-13 07:35:58.404 +00:00","2025-05-13 07:35:58.405 +00:00","2025-05-13 07:35:58.405 +00:00"
247,7,CREATE,Player,323,"2025-05-13 07:35:58.456 +00:00","2025-05-13 07:35:58.456 +00:00","2025-05-13 07:35:58.456 +00:00"
248,7,CREATE,Player,324,"2025-05-13 07:35:58.504 +00:00","2025-05-13 07:35:58.505 +00:00","2025-05-13 07:35:58.505 +00:00"
249,7,CREATE,Player,325,"2025-05-13 07:35:58.560 +00:00","2025-05-13 07:35:58.560 +00:00","2025-05-13 07:35:58.560 +00:00"
250,7,CREATE,Player,326,"2025-05-13 07:35:58.616 +00:00","2025-05-13 07:35:58.616 +00:00","2025-05-13 07:35:58.616 +00:00"
251,7,CREATE,Player,327,"2025-05-13 07:35:58.666 +00:00","2025-05-13 07:35:58.666 +00:00","2025-05-13 07:35:58.666 +00:00"
252,7,CREATE,Player,328,"2025-05-13 07:35:58.713 +00:00","2025-05-13 07:35:58.713 +00:00","2025-05-13 07:35:58.713 +00:00"
253,7,CREATE,Player,329,"2025-05-13 07:35:58.756 +00:00","2025-05-13 07:35:58.756 +00:00","2025-05-13 07:35:58.756 +00:00"
254,7,CREATE,Player,330,"2025-05-13 07:35:58.797 +00:00","2025-05-13 07:35:58.798 +00:00","2025-05-13 07:35:58.798 +00:00"
255,7,CREATE,Player,331,"2025-05-13 07:35:58.852 +00:00","2025-05-13 07:35:58.852 +00:00","2025-05-13 07:35:58.852 +00:00"
256,7,CREATE,Player,332,"2025-05-13 07:35:58.895 +00:00","2025-05-13 07:35:58.895 +00:00","2025-05-13 07:35:58.895 +00:00"
257,7,CREATE,Player,333,"2025-05-13 07:35:58.949 +00:00","2025-05-13 07:35:58.949 +00:00","2025-05-13 07:35:58.949 +00:00"
258,7,CREATE,Player,334,"2025-05-13 07:35:58.992 +00:00","2025-05-13 07:35:58.992 +00:00","2025-05-13 07:35:58.992 +00:00"
259,7,CREATE,Player,335,"2025-05-13 07:35:59.040 +00:00","2025-05-13 07:35:59.040 +00:00","2025-05-13 07:35:59.040 +00:00"
260,7,CREATE,Player,336,"2025-05-13 07:35:59.087 +00:00","2025-05-13 07:35:59.087 +00:00","2025-05-13 07:35:59.087 +00:00"
261,7,CREATE,Player,337,"2025-05-13 07:35:59.135 +00:00","2025-05-13 07:35:59.135 +00:00","2025-05-13 07:35:59.135 +00:00"
262,7,CREATE,Player,338,"2025-05-13 07:35:59.183 +00:00","2025-05-13 07:35:59.183 +00:00","2025-05-13 07:35:59.183 +00:00"
263,7,CREATE,Player,339,"2025-05-13 07:35:59.228 +00:00","2025-05-13 07:35:59.229 +00:00","2025-05-13 07:35:59.229 +00:00"
264,7,CREATE,Player,340,"2025-05-13 07:35:59.285 +00:00","2025-05-13 07:35:59.285 +00:00","2025-05-13 07:35:59.285 +00:00"
265,7,CREATE,Player,341,"2025-05-13 07:35:59.329 +00:00","2025-05-13 07:35:59.330 +00:00","2025-05-13 07:35:59.330 +00:00"
266,7,CREATE,Player,342,"2025-05-13 07:35:59.374 +00:00","2025-05-13 07:35:59.375 +00:00","2025-05-13 07:35:59.375 +00:00"
267,7,CREATE,Player,343,"2025-05-13 07:35:59.443 +00:00","2025-05-13 07:35:59.443 +00:00","2025-05-13 07:35:59.443 +00:00"
268,7,CREATE,Player,344,"2025-05-13 07:35:59.487 +00:00","2025-05-13 07:35:59.487 +00:00","2025-05-13 07:35:59.487 +00:00"
269,7,CREATE,Player,345,"2025-05-13 07:35:59.530 +00:00","2025-05-13 07:35:59.530 +00:00","2025-05-13 07:35:59.530 +00:00"
270,7,CREATE,Player,346,"2025-05-13 07:35:59.584 +00:00","2025-05-13 07:35:59.585 +00:00","2025-05-13 07:35:59.585 +00:00"
271,7,CREATE,Player,347,"2025-05-13 07:35:59.634 +00:00","2025-05-13 07:35:59.634 +00:00","2025-05-13 07:35:59.634 +00:00"
272,7,CREATE,Player,348,"2025-05-13 07:35:59.677 +00:00","2025-05-13 07:35:59.677 +00:00","2025-05-13 07:35:59.677 +00:00"
273,7,CREATE,Player,349,"2025-05-13 07:35:59.727 +00:00","2025-05-13 07:35:59.728 +00:00","2025-05-13 07:35:59.728 +00:00"
274,7,CREATE,Player,350,"2025-05-13 07:35:59.774 +00:00","2025-05-13 07:35:59.774 +00:00","2025-05-13 07:35:59.774 +00:00"
275,7,CREATE,Player,351,"2025-05-13 07:35:59.816 +00:00","2025-05-13 07:35:59.817 +00:00","2025-05-13 07:35:59.817 +00:00"
276,7,CREATE,Player,352,"2025-05-13 07:35:59.864 +00:00","2025-05-13 07:35:59.864 +00:00","2025-05-13 07:35:59.864 +00:00"
277,7,CREATE,Player,353,"2025-05-13 07:35:59.917 +00:00","2025-05-13 07:35:59.917 +00:00","2025-05-13 07:35:59.917 +00:00"
278,7,CREATE,Player,354,"2025-05-13 07:35:59.955 +00:00","2025-05-13 07:35:59.956 +00:00","2025-05-13 07:35:59.956 +00:00"
279,7,CREATE,Player,355,"2025-05-13 07:36:00.006 +00:00","2025-05-13 07:36:00.006 +00:00","2025-05-13 07:36:00.006 +00:00"
280,7,CREATE,Player,356,"2025-05-13 07:36:00.059 +00:00","2025-05-13 07:36:00.059 +00:00","2025-05-13 07:36:00.059 +00:00"
281,7,CREATE,Player,357,"2025-05-13 07:36:00.110 +00:00","2025-05-13 07:36:00.110 +00:00","2025-05-13 07:36:00.110 +00:00"
282,7,CREATE,Player,358,"2025-05-13 07:36:00.154 +00:00","2025-05-13 07:36:00.154 +00:00","2025-05-13 07:36:00.154 +00:00"
283,7,CREATE,Player,359,"2025-05-13 07:36:00.196 +00:00","2025-05-13 07:36:00.196 +00:00","2025-05-13 07:36:00.196 +00:00"
284,2,read,Player,,"2025-05-19 09:59:23.557 +00:00","2025-05-19 09:59:23.559 +00:00","2025-05-19 09:59:23.559 +00:00"
285,2,update,Player,155,"2025-05-19 09:59:55.073 +00:00","2025-05-19 09:59:55.074 +00:00","2025-05-19 09:59:55.074 +00:00"
286,2,read,Player,,"2025-05-19 10:00:00.303 +00:00","2025-05-19 10:00:00.304 +00:00","2025-05-19 10:00:00.304 +00:00"
287,2,read,Player,,"2025-05-19 10:00:00.418 +00:00","2025-05-19 10:00:00.419 +00:00","2025-05-19 10:00:00.419 +00:00"
288,2,read,Player,,"2025-05-19 10:00:00.552 +00:00","2025-05-19 10:00:00.553 +00:00","2025-05-19 10:00:00.553 +00:00"
289,2,create,Player,360,"2025-05-19 10:00:14.403 +00:00","2025-05-19 10:00:14.403 +00:00","2025-05-19 10:00:14.403 +00:00"
290,2,read,Player,,"2025-05-19 10:00:18.308 +00:00","2025-05-19 10:00:18.308 +00:00","2025-05-19 10:00:18.308 +00:00"
291,2,read,Player,,"2025-05-19 10:00:18.390 +00:00","2025-05-19 10:00:18.390 +00:00","2025-05-19 10:00:18.390 +00:00"
292,2,read,Player,,"2025-05-19 10:00:22.067 +00:00","2025-05-19 10:00:22.067 +00:00","2025-05-19 10:00:22.067 +00:00"
293,2,read,Player,,"2025-05-19 10:00:22.143 +00:00","2025-05-19 10:00:22.143 +00:00","2025-05-19 10:00:22.143 +00:00"
294,2,read,Player,,"2025-05-19 10:00:30.264 +00:00","2025-05-19 10:00:30.264 +00:00","2025-05-19 10:00:30.264 +00:00"
295,3,read,Player,,"2025-05-19 10:00:42.115 +00:00","2025-05-19 10:00:42.115 +00:00","2025-05-19 10:00:42.115 +00:00"
296,8,CREATE,Player,361,"2025-05-19 10:00:54.780 +00:00","2025-05-19 10:00:54.781 +00:00","2025-05-19 10:00:54.781 +00:00"
297,8,CREATE,Player,362,"2025-05-19 10:00:54.826 +00:00","2025-05-19 10:00:54.826 +00:00","2025-05-19 10:00:54.826 +00:00"
298,8,CREATE,Player,363,"2025-05-19 10:00:54.860 +00:00","2025-05-19 10:00:54.861 +00:00","2025-05-19 10:00:54.861 +00:00"
299,8,CREATE,Player,364,"2025-05-19 10:00:54.912 +00:00","2025-05-19 10:00:54.912 +00:00","2025-05-19 10:00:54.912 +00:00"
300,8,CREATE,Player,365,"2025-05-19 10:00:54.953 +00:00","2025-05-19 10:00:54.953 +00:00","2025-05-19 10:00:54.953 +00:00"
301,8,CREATE,Player,366,"2025-05-19 10:00:54.992 +00:00","2025-05-19 10:00:54.992 +00:00","2025-05-19 10:00:54.992 +00:00"
302,8,CREATE,Player,367,"2025-05-19 10:00:55.026 +00:00","2025-05-19 10:00:55.027 +00:00","2025-05-19 10:00:55.027 +00:00"
303,8,CREATE,Player,368,"2025-05-19 10:00:55.065 +00:00","2025-05-19 10:00:55.065 +00:00","2025-05-19 10:00:55.065 +00:00"
304,8,CREATE,Player,369,"2025-05-19 10:00:55.104 +00:00","2025-05-19 10:00:55.104 +00:00","2025-05-19 10:00:55.104 +00:00"
305,8,CREATE,Player,370,"2025-05-19 10:00:55.142 +00:00","2025-05-19 10:00:55.143 +00:00","2025-05-19 10:00:55.143 +00:00"
306,8,CREATE,Player,371,"2025-05-19 10:00:55.182 +00:00","2025-05-19 10:00:55.182 +00:00","2025-05-19 10:00:55.182 +00:00"
307,8,CREATE,Player,372,"2025-05-19 10:00:55.218 +00:00","2025-05-19 10:00:55.218 +00:00","2025-05-19 10:00:55.218 +00:00"
308,8,CREATE,Player,373,"2025-05-19 10:00:55.260 +00:00","2025-05-19 10:00:55.260 +00:00","2025-05-19 10:00:55.260 +00:00"
309,8,CREATE,Player,374,"2025-05-19 10:00:55.299 +00:00","2025-05-19 10:00:55.299 +00:00","2025-05-19 10:00:55.299 +00:00"
310,8,CREATE,Player,375,"2025-05-19 10:00:55.337 +00:00","2025-05-19 10:00:55.337 +00:00","2025-05-19 10:00:55.337 +00:00"
311,8,CREATE,Player,376,"2025-05-19 10:00:55.377 +00:00","2025-05-19 10:00:55.377 +00:00","2025-05-19 10:00:55.377 +00:00"
312,8,CREATE,Player,377,"2025-05-19 10:00:55.422 +00:00","2025-05-19 10:00:55.422 +00:00","2025-05-19 10:00:55.422 +00:00"
313,8,CREATE,Player,378,"2025-05-19 10:00:55.460 +00:00","2025-05-19 10:00:55.460 +00:00","2025-05-19 10:00:55.460 +00:00"
314,8,CREATE,Player,379,"2025-05-19 10:00:55.494 +00:00","2025-05-19 10:00:55.494 +00:00","2025-05-19 10:00:55.494 +00:00"
315,8,CREATE,Player,380,"2025-05-19 10:00:55.528 +00:00","2025-05-19 10:00:55.528 +00:00","2025-05-19 10:00:55.528 +00:00"
316,8,CREATE,Player,381,"2025-05-19 10:00:55.563 +00:00","2025-05-19 10:00:55.564 +00:00","2025-05-19 10:00:55.564 +00:00"
317,8,CREATE,Player,382,"2025-05-19 10:00:55.597 +00:00","2025-05-19 10:00:55.598 +00:00","2025-05-19 10:00:55.598 +00:00"
318,8,CREATE,Player,383,"2025-05-19 10:00:55.633 +00:00","2025-05-19 10:00:55.633 +00:00","2025-05-19 10:00:55.633 +00:00"
319,8,CREATE,Player,384,"2025-05-19 10:00:55.682 +00:00","2025-05-19 10:00:55.682 +00:00","2025-05-19 10:00:55.682 +00:00"
320,8,CREATE,Player,385,"2025-05-19 10:00:55.724 +00:00","2025-05-19 10:00:55.724 +00:00","2025-05-19 10:00:55.724 +00:00"
321,8,CREATE,Player,386,"2025-05-19 10:00:55.771 +00:00","2025-05-19 10:00:55.771 +00:00","2025-05-19 10:00:55.771 +00:00"
322,8,CREATE,Player,387,"2025-05-19 10:00:55.812 +00:00","2025-05-19 10:00:55.812 +00:00","2025-05-19 10:00:55.812 +00:00"
323,8,CREATE,Player,388,"2025-05-19 10:00:55.849 +00:00","2025-05-19 10:00:55.849 +00:00","2025-05-19 10:00:55.849 +00:00"
324,8,CREATE,Player,389,"2025-05-19 10:00:55.885 +00:00","2025-05-19 10:00:55.885 +00:00","2025-05-19 10:00:55.885 +00:00"
325,8,CREATE,Player,390,"2025-05-19 10:00:55.916 +00:00","2025-05-19 10:00:55.916 +00:00","2025-05-19 10:00:55.916 +00:00"
326,8,CREATE,Player,391,"2025-05-19 10:00:55.949 +00:00","2025-05-19 10:00:55.949 +00:00","2025-05-19 10:00:55.949 +00:00"
327,8,CREATE,Player,392,"2025-05-19 10:00:55.983 +00:00","2025-05-19 10:00:55.983 +00:00","2025-05-19 10:00:55.983 +00:00"
328,8,CREATE,Player,393,"2025-05-19 10:00:56.021 +00:00","2025-05-19 10:00:56.021 +00:00","2025-05-19 10:00:56.021 +00:00"
329,8,CREATE,Player,394,"2025-05-19 10:00:56.062 +00:00","2025-05-19 10:00:56.063 +00:00","2025-05-19 10:00:56.063 +00:00"
330,8,CREATE,Player,395,"2025-05-19 10:00:56.111 +00:00","2025-05-19 10:00:56.111 +00:00","2025-05-19 10:00:56.111 +00:00"
331,8,CREATE,Player,396,"2025-05-19 10:00:56.158 +00:00","2025-05-19 10:00:56.158 +00:00","2025-05-19 10:00:56.158 +00:00"
332,8,CREATE,Player,397,"2025-05-19 10:00:56.203 +00:00","2025-05-19 10:00:56.206 +00:00","2025-05-19 10:00:56.206 +00:00"
333,8,CREATE,Player,398,"2025-05-19 10:00:56.241 +00:00","2025-05-19 10:00:56.241 +00:00","2025-05-19 10:00:56.241 +00:00"
334,8,CREATE,Player,399,"2025-05-19 10:00:56.279 +00:00","2025-05-19 10:00:56.279 +00:00","2025-05-19 10:00:56.279 +00:00"
335,8,CREATE,Player,400,"2025-05-19 10:00:56.315 +00:00","2025-05-19 10:00:56.315 +00:00","2025-05-19 10:00:56.315 +00:00"
336,8,CREATE,Player,401,"2025-05-19 10:00:56.349 +00:00","2025-05-19 10:00:56.350 +00:00","2025-05-19 10:00:56.350 +00:00"
337,8,CREATE,Player,402,"2025-05-19 10:00:56.389 +00:00","2025-05-19 10:00:56.389 +00:00","2025-05-19 10:00:56.389 +00:00"
338,8,CREATE,Player,403,"2025-05-19 10:00:56.422 +00:00","2025-05-19 10:00:56.422 +00:00","2025-05-19 10:00:56.422 +00:00"
339,8,CREATE,Player,404,"2025-05-19 10:00:56.454 +00:00","2025-05-19 10:00:56.454 +00:00","2025-05-19 10:00:56.454 +00:00"
340,8,CREATE,Player,405,"2025-05-19 10:00:56.490 +00:00","2025-05-19 10:00:56.490 +00:00","2025-05-19 10:00:56.490 +00:00"
341,8,CREATE,Player,406,"2025-05-19 10:00:56.532 +00:00","2025-05-19 10:00:56.532 +00:00","2025-05-19 10:00:56.532 +00:00"
342,8,CREATE,Player,407,"2025-05-19 10:00:56.573 +00:00","2025-05-19 10:00:56.573 +00:00","2025-05-19 10:00:56.573 +00:00"
343,8,CREATE,Player,408,"2025-05-19 10:00:56.635 +00:00","2025-05-19 10:00:56.636 +00:00","2025-05-19 10:00:56.636 +00:00"
344,8,CREATE,Player,409,"2025-05-19 10:00:56.676 +00:00","2025-05-19 10:00:56.676 +00:00","2025-05-19 10:00:56.676 +00:00"
345,8,CREATE,Player,410,"2025-05-19 10:00:56.713 +00:00","2025-05-19 10:00:56.713 +00:00","2025-05-19 10:00:56.713 +00:00"
346,8,CREATE,Player,411,"2025-05-19 10:00:56.750 +00:00","2025-05-19 10:00:56.751 +00:00","2025-05-19 10:00:56.751 +00:00"
347,8,CREATE,Player,412,"2025-05-19 10:00:56.784 +00:00","2025-05-19 10:00:56.784 +00:00","2025-05-19 10:00:56.784 +00:00"
348,8,CREATE,Player,413,"2025-05-19 10:00:56.818 +00:00","2025-05-19 10:00:56.819 +00:00","2025-05-19 10:00:56.819 +00:00"
349,8,CREATE,Player,414,"2025-05-19 10:00:56.853 +00:00","2025-05-19 10:00:56.853 +00:00","2025-05-19 10:00:56.853 +00:00"
350,8,CREATE,Player,415,"2025-05-19 10:00:56.886 +00:00","2025-05-19 10:00:56.886 +00:00","2025-05-19 10:00:56.886 +00:00"
351,8,CREATE,Player,416,"2025-05-19 10:00:56.921 +00:00","2025-05-19 10:00:56.921 +00:00","2025-05-19 10:00:56.921 +00:00"
352,8,CREATE,Player,417,"2025-05-19 10:00:56.954 +00:00","2025-05-19 10:00:56.954 +00:00","2025-05-19 10:00:56.954 +00:00"
353,8,CREATE,Player,418,"2025-05-19 10:00:56.996 +00:00","2025-05-19 10:00:56.997 +00:00","2025-05-19 10:00:56.997 +00:00"
354,8,CREATE,Player,419,"2025-05-19 10:00:57.033 +00:00","2025-05-19 10:00:57.034 +00:00","2025-05-19 10:00:57.034 +00:00"
355,8,CREATE,Player,420,"2025-05-19 10:00:57.077 +00:00","2025-05-19 10:00:57.077 +00:00","2025-05-19 10:00:57.077 +00:00"
356,8,CREATE,Player,421,"2025-05-19 10:00:57.113 +00:00","2025-05-19 10:00:57.113 +00:00","2025-05-19 10:00:57.113 +00:00"
357,8,CREATE,Player,422,"2025-05-19 10:00:57.157 +00:00","2025-05-19 10:00:57.157 +00:00","2025-05-19 10:00:57.157 +00:00"
358,8,CREATE,Player,423,"2025-05-19 10:00:57.201 +00:00","2025-05-19 10:00:57.202 +00:00","2025-05-19 10:00:57.202 +00:00"
359,8,CREATE,Player,424,"2025-05-19 10:00:57.242 +00:00","2025-05-19 10:00:57.243 +00:00","2025-05-19 10:00:57.243 +00:00"
360,8,CREATE,Player,425,"2025-05-19 10:00:57.288 +00:00","2025-05-19 10:00:57.288 +00:00","2025-05-19 10:00:57.288 +00:00"
361,8,CREATE,Player,426,"2025-05-19 10:00:57.325 +00:00","2025-05-19 10:00:57.325 +00:00","2025-05-19 10:00:57.325 +00:00"
362,8,CREATE,Player,427,"2025-05-19 10:00:57.365 +00:00","2025-05-19 10:00:57.366 +00:00","2025-05-19 10:00:57.366 +00:00"
363,8,CREATE,Player,428,"2025-05-19 10:00:57.402 +00:00","2025-05-19 10:00:57.403 +00:00","2025-05-19 10:00:57.403 +00:00"
364,8,CREATE,Player,429,"2025-05-19 10:00:57.441 +00:00","2025-05-19 10:00:57.441 +00:00","2025-05-19 10:00:57.441 +00:00"
365,8,CREATE,Player,430,"2025-05-19 10:00:57.475 +00:00","2025-05-19 10:00:57.475 +00:00","2025-05-19 10:00:57.475 +00:00"
366,8,CREATE,Player,431,"2025-05-19 10:00:57.516 +00:00","2025-05-19 10:00:57.516 +00:00","2025-05-19 10:00:57.516 +00:00"
367,8,CREATE,Player,432,"2025-05-19 10:00:57.572 +00:00","2025-05-19 10:00:57.572 +00:00","2025-05-19 10:00:57.572 +00:00"
368,8,CREATE,Player,433,"2025-05-19 10:00:57.612 +00:00","2025-05-19 10:00:57.612 +00:00","2025-05-19 10:00:57.612 +00:00"
369,8,CREATE,Player,434,"2025-05-19 10:00:57.648 +00:00","2025-05-19 10:00:57.648 +00:00","2025-05-19 10:00:57.648 +00:00"
370,8,CREATE,Player,435,"2025-05-19 10:00:57.685 +00:00","2025-05-19 10:00:57.686 +00:00","2025-05-19 10:00:57.686 +00:00"
371,8,CREATE,Player,436,"2025-05-19 10:00:57.723 +00:00","2025-05-19 10:00:57.723 +00:00","2025-05-19 10:00:57.723 +00:00"
372,8,CREATE,Player,437,"2025-05-19 10:00:57.763 +00:00","2025-05-19 10:00:57.763 +00:00","2025-05-19 10:00:57.763 +00:00"
373,8,CREATE,Player,438,"2025-05-19 10:00:57.801 +00:00","2025-05-19 10:00:57.801 +00:00","2025-05-19 10:00:57.801 +00:00"
374,8,CREATE,Player,439,"2025-05-19 10:00:57.836 +00:00","2025-05-19 10:00:57.836 +00:00","2025-05-19 10:00:57.836 +00:00"
375,8,CREATE,Player,440,"2025-05-19 10:00:57.876 +00:00","2025-05-19 10:00:57.876 +00:00","2025-05-19 10:00:57.876 +00:00"
376,8,CREATE,Player,441,"2025-05-19 10:00:57.912 +00:00","2025-05-19 10:00:57.913 +00:00","2025-05-19 10:00:57.913 +00:00"
377,8,CREATE,Player,442,"2025-05-19 10:00:57.951 +00:00","2025-05-19 10:00:57.951 +00:00","2025-05-19 10:00:57.951 +00:00"
378,8,CREATE,Player,443,"2025-05-19 10:00:57.983 +00:00","2025-05-19 10:00:57.983 +00:00","2025-05-19 10:00:57.983 +00:00"
379,8,CREATE,Player,444,"2025-05-19 10:00:58.022 +00:00","2025-05-19 10:00:58.022 +00:00","2025-05-19 10:00:58.022 +00:00"
380,8,CREATE,Player,445,"2025-05-19 10:00:58.065 +00:00","2025-05-19 10:00:58.066 +00:00","2025-05-19 10:00:58.066 +00:00"
381,8,CREATE,Player,446,"2025-05-19 10:00:58.125 +00:00","2025-05-19 10:00:58.125 +00:00","2025-05-19 10:00:58.125 +00:00"
382,8,CREATE,Player,447,"2025-05-19 10:00:58.173 +00:00","2025-05-19 10:00:58.173 +00:00","2025-05-19 10:00:58.173 +00:00"
383,8,CREATE,Player,448,"2025-05-19 10:00:58.203 +00:00","2025-05-19 10:00:58.203 +00:00","2025-05-19 10:00:58.203 +00:00"
384,8,CREATE,Player,449,"2025-05-19 10:00:58.245 +00:00","2025-05-19 10:00:58.245 +00:00","2025-05-19 10:00:58.245 +00:00"
385,8,CREATE,Player,450,"2025-05-19 10:00:58.287 +00:00","2025-05-19 10:00:58.287 +00:00","2025-05-19 10:00:58.287 +00:00"
386,8,CREATE,Player,451,"2025-05-19 10:00:58.325 +00:00","2025-05-19 10:00:58.325 +00:00","2025-05-19 10:00:58.325 +00:00"
387,8,CREATE,Player,452,"2025-05-19 10:00:58.380 +00:00","2025-05-19 10:00:58.380 +00:00","2025-05-19 10:00:58.380 +00:00"
388,8,CREATE,Player,453,"2025-05-19 10:00:58.409 +00:00","2025-05-19 10:00:58.409 +00:00","2025-05-19 10:00:58.409 +00:00"
389,8,CREATE,Player,454,"2025-05-19 10:00:58.459 +00:00","2025-05-19 10:00:58.460 +00:00","2025-05-19 10:00:58.460 +00:00"
390,8,CREATE,Player,455,"2025-05-19 10:00:58.500 +00:00","2025-05-19 10:00:58.500 +00:00","2025-05-19 10:00:58.500 +00:00"
391,8,CREATE,Player,456,"2025-05-19 10:00:58.535 +00:00","2025-05-19 10:00:58.535 +00:00","2025-05-19 10:00:58.535 +00:00"
392,8,CREATE,Player,457,"2025-05-19 10:00:58.600 +00:00","2025-05-19 10:00:58.601 +00:00","2025-05-19 10:00:58.601 +00:00"
393,8,CREATE,Player,458,"2025-05-19 10:00:58.639 +00:00","2025-05-19 10:00:58.639 +00:00","2025-05-19 10:00:58.639 +00:00"
394,8,CREATE,Player,459,"2025-05-19 10:00:58.692 +00:00","2025-05-19 10:00:58.692 +00:00","2025-05-19 10:00:58.692 +00:00"
395,8,CREATE,Player,460,"2025-05-19 10:00:58.751 +00:00","2025-05-19 10:00:58.751 +00:00","2025-05-19 10:00:58.751 +00:00"
